,username,location,tweet_text,count_of_retweets,company
0,CodingFlux_,,Better Web Typography For A Better Web  https://t.co/KERagDE54z #css #CodingFlux_,0,Amazon
1,DancingWillow78,"Florida, USA","I entered a giveaway for a chance to win ""VUTTOO¬Æ Customized Rectangle Non-Slip Rubber ..."" by VUTTOO. https://t.co/Gt5E1C8yl9 #giveaway",0,Amazon
2,EarthMotherMsgs,Western Maryland,@Earthmothermsgs #Divine #Earth #Award #Healing #Spirituality #Wisdom The Great #Mother Bible #kindle #Gaia #Green‚Ä¶ https://t.co/yQlYnCrZ2D,0,Amazon
3,NasBaharuddin,Subang Jaya,RT @EmrgencyKittens: Amazon delivery days are the best days if you‚Äôre a cat. https://t.co/B6sypcS8WI,1553,Amazon
4,iTreverBartlett,,#DSLR #Photography Wien.Vienna.Danube.Donau.Walk. by SophieS https://t.co/Sa97otTXdu https://t.co/qMA7x9Ms0z,0,Amazon
5,Super_SparkJr,,RT @WorldAndScience: Awesome and stunning  NASA Travel Posters of the Future 2018 Wall Calendar: https://t.co/vyQCvNhubZ -Amazon https://t.‚Ä¶,25,Amazon
6,ZachChop,"Orlando, FL",There's Something Hidden Beneath The Surface. Join Adal and Arija into the center of the Earth and into The World M‚Ä¶ https://t.co/2XzNDtKqdZ,0,Amazon
7,journal_style,,RT @chrissyteigen: Ahh so excited #CravingsCookBook is now available in the UK!! You can buy a copy here! https://t.co/xpts9vT4js https://t‚Ä¶,107,Amazon
8,Ruben5916,,RT @WorldAndScience: Awesome - Planetary Glass Set: https://t.co/ChG2AozJSX -AmazonAfflink https://t.co/Drl9Rj0bfv,132,Amazon
9,MJ_McGriff,"West Palm Beach, FL",Today is the LAST day to get The Fall for free on Amazon! Click here now! https://t.co/338ZNvsTFP #scifi #amreading https://t.co/Magy1RYpi7,0,Amazon
10,dgp1496,"Vancouver, Canada",RT @DavidJuno: Amazon CEO Jeff Bezos sold more than $1 billion worth of stock this week https://t.co/3O4YTkoMkD via @Verge,1,Amazon
11,benmcdermott4,"Minnesota, USA",@amazonsupport @amazon is quite helpful! (Not),0,Amazon
12,UFOParanormNews,,#PRT #Specials  https://t.co/PDPPYzPXFg Amazon Warehouse Deals Deep Discounts on Open box and Used https://t.co/pcOQWaA1j1,0,Amazon
13,pamlecky,Ireland,"RT @darkspires: Sword of Shadows, lost Excalibur decides the fate of man... #Dystopia  #Sale https://t.co/7TqhtPUcdp https://t.co/fZYJXniBs‚Ä¶",7,Amazon
14,D_Finkelstein,Roswell New Mexico Area 51,Check out Retro Zone for a chance to win a SNES Classic Edition! #AmazonRetroZone https://t.co/N2EcS2b467 https://t.co/yGkDq7v4eF #giveaway,0,Amazon
15,betty1751,,"I entered a giveaway for a chance to win ""Hard Case iPhone X, Crystal Clear Ultra Thin Slim..."" by KINGMI. https://t.co/T6vvaWopeQ #giveaway",0,Amazon
16,EarthMotherMsgs,Western Maryland,"@EarthMotherMsgs ‚ÄúMore wisdom, emotion in this book than whole library. Sincere. Amazing!"" #kindle #Gaia #Green‚Ä¶ https://t.co/zpG7buV1JC",0,Amazon
17,JlspzSpitz,"Georgia, USA",RT @VeeVonSweets: Thank you everyone for the birthday gifts https://t.co/Ga3uFC41Oh https://t.co/WXVAopaBLz,1,Amazon
18,bettyboop51548,,"I entered a giveaway for a chance to win ""White Glitter Mom Just Like Dad Only Smarter Wo..."" by Sun Nowa. https://t.co/FGpWEK1YiD #giveaway",0,Amazon
19,BDPubL,Cork,Coming Soon... the story of seven lads from Cork and the shenanigans they get up to... #newbook #cork #ComingSoon‚Ä¶ https://t.co/bIuZeIqckG,0,Amazon
20,TCMcComb,Virginia,"I entered a giveaway for a chance to win ""iDGLAX iDG-787B LCD LED Video Multimedia Mini Por..."" by iDGLAX. https://t.co/OCJc1S3z6c #giveaway",0,Amazon
21,annette14,"portland,ind","I entered a giveaway for a chance to win ""ColorJoy Compatible Ink Cartridges HP 932XL 933..."" by ColorJoy. https://t.co/1N5QhQ133t #giveaway",0,Amazon
22,salqahtani1111,"Riyadh, Kingdom of Saudi Arabia","RT WSJ ""Amazon aims to drive a harder bargain with its new ‚ÄúDiscount provided by Amazon‚Äù https://t.co/mnuDCFidIE""",0,Amazon
23,EarthMotherMsgs,Western Maryland,@Earthmothermsgs #Gaia #Award Winning #Kindle #discount #wisdom Great #Mother Bible #Mystic #5stars‚Ä¶ https://t.co/xvuI0yB7k1,0,Amazon
24,Cartofbooks,,RT @BeingAuthor: Del Rio makes his final moves in an endgame no one will see coming. #Read @ScribesShade https://t.co/KC0nGFUhsJ https://t.‚Ä¶,6,Amazon
25,FemdomCamGirl,,RT @ivyclamazon: Happy #SundayMorning it's a chilly day! Warm me up with tributes &amp; sessions - KIK available all day! I want more Amazon gi‚Ä¶,4,Amazon
26,jasonrodman,Seattle,I was staying strong against buying the Nest T-stat. Then Costco had it for $25 less than Amazon.  Now I have a Nest T-stat.,0,Amazon
27,Becki_JoAnn,"North West, England",I'm in the running to win a ¬£50 Amazon voucher with @wafflemamauk &amp; Canesten https://t.co/VXCl7dqbDy,0,Amazon
28,sjjacksonauthor,,"RT @TryNewBooks: ‚ÄúIt‚Äôs deftly done, involving the reader in her plight.‚Äù #suspense https://t.co/4uTB3Lu5iV by @sjjacksonauthor https://t.co‚Ä¶",1,Amazon
29,mburns1243,"Lubbock, Texas","Check out https://t.co/GVJ5c80Rly, a Kindle Scout book and send out a Tweet to enter and win a Fire Tablet https://t.co/dsENJYLAFr #giveaway",0,Amazon
30,fishhookdeals,USA,Nike Air Bakin' Retro 316383 001 Size 11 Rodman Jordan I IV XI VII VI II $99.80 via Amazon https://t.co/exem29UK9B #deals #nike #jordans,0,Amazon
31,DoctorNeural,Global,"Top today's sales -&gt;  ProSource Kids Puzzle Alphabet,  Numbers,.. for $26.33 #amazon #ad [https://t.co/rctTaTbSdN] https://t.co/RD0u4jCuNP",0,Amazon
32,ShiftSprintDS,L.A. Meltdown,RT @WSJ: Amazon aims to drive a harder bargain with its new ‚ÄúDiscount provided by Amazon‚Äù https://t.co/8X0EARLnrU,9,Amazon
33,brookepruett137,Missouri,"I entered a giveaway for a chance to win ""Women Poncho Reversible Blanket Scarf Sweate..."" by Linked Moda. https://t.co/0oKhuG3SvR #giveaway",0,Amazon
34,jenna_designs,,I'm in the running to win this $125 Amazon Gift Card!! You can enter too!! #sweepstakes #free #contest @likkejuan https://t.co/NwFoaoa9UB,0,Amazon
35,MyPromoTweets,"Los Angeles, CA",12. Old School Labs Vintage Burn Thermogenic Fat Burner - Weight Loss Supplement | https://t.co/9JG6MHEosZ‚Ä¶ https://t.co/jsGnOyOqdi,0,Amazon
36,kmgnt,,"I entered a giveaway for a chance to win ""Hard Case iPhone X, Crystal Clear Ultra Thin Slim..."" by KINGMI. https://t.co/6GKUtMMa7S #giveaway",0,Amazon
37,TmarieHorn,"Las Vegas, NV",I just entered to #win a $100 Amazon Gift Card and you can too https://t.co/NUiCr4X3rd #AmazonGiveaway #Giveaway,0,Amazon
38,KimThayllsEyes,Schenectady County,RT @redragdolly: Lilly Peppertree hardback and paperback copy out on Lulu  and Amazon. https://t.co/PcPRKzV0W4 also on kindle https://t.co/‚Ä¶,3,Amazon
39,sjjacksonauthor,,"RT @TasteNewBooks: ‚ÄúIt‚Äôs deftly done, involving the reader in her plight.‚Äù #suspense https://t.co/qoOf82Eit7 by @sjjacksonauthor https://t.‚Ä¶",1,Amazon
40,KevlnPazik,"Princeton, NJ",RT @Tallia_Storm: Me being extra cause my book 'POP GIRL: SIGNED WITH A KISS' is ¬£5 on Amazon this week!!! ü§óüíïüí´ Published @scholasticuk http‚Ä¶,43,Amazon
41,WhatfingerNews,"Dallas, TX",RT @ScottAdamsSays: I was disappointed that my 2018 Dilbert calendar was not the #1 bestseller in its category. But I got over it. https://‚Ä¶,99,Amazon
42,John_F_Vega,London,Amazon uk are selling Farpoint with the Aim controller for ¬£54.99....that's a good price for those that have been waiting for stock,0,Amazon
43,camelcamelcamel,"Oakland, CA",@mrsjeffrie0702 The Secret Life of Pets [Blu-ray] is now on sale for $14.99 at Amazon. Product page: https://t.co/4SlbCl5iHw,0,Amazon
44,bbbernadettee,"Queens, NY","starting a patreon so i can afford to order 24 cans of diet coke and the book version of call me by your name off amazon, pls pledge",0,Amazon
45,camelcamelcamel,"Oakland, CA",@Cdh8585 The Secret Life of Pets [Blu-ray] is now on sale for $14.99 at Amazon. Product page: https://t.co/4SlbCl5iHw,0,Amazon
46,YahooFinance,"New York, NY","How Amazon quickly trains 120,000 workers for the holidays @JPManga https://t.co/APphlMaBfx https://t.co/9txQFD0K40",0,Amazon
47,Dusty_Monk,"Dallas, TX","Using Amazon Alexa to play my playlist from Amazon Music, over the Bluetooth enabled soundbar and subwoofer. I live in the future.",0,Amazon
48,bktwts2,,Resorts to lasagna in a desperate bid to avoid a terrible secret. https://t.co/GUPvjdv9Oe #mystery  #noir,0,Amazon
49,sjjacksonauthor,,"RT @findnewbooks: ‚ÄúIt‚Äôs deftly done, involving the reader in her plight.‚Äù #suspense https://t.co/M8M6tHrfMe by @sjjacksonauthor https://t.c‚Ä¶",1,Amazon
50,Raymond_Norman,"Wisconsin & Minnesota, USA","RT @MorganMandel: ""A Treat for Dog Lovers"" Our Fur Babies #asmsg #cr4u #dogs #pets #KU #kindleUnlimited #Prime https://t.co/8Z3o6c9ZrY http‚Ä¶",42,Amazon
51,hunshima,"Montgomery, AL",Amazon UK now has over 100 instant-order Dash buttons https://t.co/WZl7vsGSJZ,0,Amazon
52,SueCooperBridge,England Shires,RT @ElizStJohn: Why was #KingJames the target of the #GunpowderPlot? Character insights from #TheLadyoftheTower #HisFic  #17thC   https://t‚Ä¶,1,Amazon
53,AmandaW44605057,,I found a nice deal on Amazon. 25% OFF coupon O5Q9TJLH for Baking Sheet Set. https://t.co/XE1k20Qs5R https://t.co/FGeP1EcYuH #giveaway,0,Amazon
54,HazelPennicott,CT,"RT @IngrahamAngle: This is all laid bare in ""Billionaire at the Barricades."" https://t.co/fuFNvjTXlo https://t.co/aytJEqG8Df",339,Amazon
55,onelittleidiot,,The amazon queen was delighted with the results of her beachcombing - pic by soulstain https://t.co/7QF2drOpdQ,0,Amazon
56,Joeblac60777869,,"RT @theintercept: The ""Amazon Amendment"" would effectively hand government purchasing power over to Amazon https://t.co/S1Eq0URR6f",6,Amazon
57,RachelGriesmer,,#Win the amazing #WithLoveforBooks Dangerous Days #book series by Baileigh Higgins &amp; $10 Amazon #giftcard #giveaway! https://t.co/Fb5eXhCWuS,0,Amazon
58,2000_mondo,"Berkeley, CA",The ‚ÄúAmazon amendment‚Äù would effectively hand government purchasing power over to Amazon https://t.co/Dq5Vjgmc9p by @ddayen,0,Amazon
59,jsgbaker,London. Ludlow. ,Massive üíï to @heartyourbodyuk all author of the #littlebookofbodyconfidence https://t.co/bz4WhQyhIy #bodyimage #bopo https://t.co/CZQ7KvsbGh,0,Amazon
60,gionarlo,Cura√ßao,Ways #Amazon is Killing Traditional #Retail - @Floship https://t.co/613oKGJHek,0,Amazon
61,jpwheatman737,Love Doin Merica Things,RT @Tallia_Storm: Me being extra cause my book 'POP GIRL: SIGNED WITH A KISS' is ¬£5 on Amazon this week!!! ü§óüíïüí´ Published @scholasticuk http‚Ä¶,43,Amazon
62,carrymebeyond,,RT @EmrgencyKittens: Amazon delivery days are the best days if you‚Äôre a cat. https://t.co/B6sypcS8WI,1553,Amazon
63,CoetheCrocodile,Aqu√≠ entintando,RT @ClickHole: This Inspiring Nonprofit Sends People Into The Amazon Rain Forest To Teach Indigenous Tribes Who Super Mario Is https://t.co‚Ä¶,256,Amazon
64,JuEphraime,Connecticut,RT @ML_Callahan: Your Mates Are Out There! @AmazonWorldwide https://t.co/cYhylTzStO @iBooks https://t.co/kT73cYJ6ne @nookBN https://t.co/Lk‚Ä¶,21,Amazon
65,kenchi442718,Email: kenchireads@yahoo.com,RT @MJLaBeff: Can I put a chill in your fall with Last Summer‚Äôs Evil a Last Cold Case novel 1... Last Fall‚Äôs Hunted is #ComingSoon https://‚Ä¶,59,Amazon
66,sjjacksonauthor,,"RT @NewBooks4You: ‚ÄúIt‚Äôs deftly done, involving the reader in her plight.‚Äù #suspense https://t.co/dLAYO7i7Wk by @sjjacksonauthor https://t.c‚Ä¶",1,Amazon
67,VashtiQV,Sunny Florida,"Bitter Awakenings (The Keeper Chronicles, Book 1) by Kester James Finley @kesterfin #RRBC #ParanormalFantasy‚Ä¶ https://t.co/DVge2nwRi2",0,Amazon
68,MaryloiuseC,Livingston - Scotland,RT @authorkatzesnow: üî•üî•LIVEüî•üî• One HELL of a ride! üòà FREE with KU! Link to buy new release: https://t.co/Et3KdTSo8y https://t.co/HlZXWai2fO,2,Amazon
69,Omega__LP,Red Brick City PMB,RT @Tallia_Storm: Me being extra cause my book 'POP GIRL: SIGNED WITH A KISS' is ¬£5 on Amazon this week!!! ü§óüíïüí´ Published @scholasticuk http‚Ä¶,43,Amazon
70,scdude,San Clemente,"Amazon chooses San Diego, CA for HQ2 https://t.co/c6xQMPP5Pc",0,Amazon
71,RachelGriesmer,,Now Available #Never by @taralain https://t.co/cMYDVVfWjB @dreamspinners #LGBT #PNR  #ReleaseDay #PennymakerTales https://t.co/cjjWsGRAfm,0,Amazon
72,ByzantineRoads,44512,"I entered a giveaway for a chance to win ""Alicemall Country Bedding 100% Cotton Soft and..."" by Alicemall. https://t.co/PK2m2Ke90m #giveaway",0,Amazon
73,Utahmom4,Utah,RT @Tallia_Storm: Me being extra cause my book 'POP GIRL: SIGNED WITH A KISS' is ¬£5 on Amazon this week!!! ü§óüíïüí´ Published @scholasticuk http‚Ä¶,43,Amazon
74,carriefranks76,"Justin,Texas",$9.69 for White Gold Plated Fashion Women's Solitaire Necklace w/ Code 3JX6XH8L https://t.co/HaJTc7kuq4 https://t.co/YMubJXccY1 #giveaway,0,Amazon
75,annette14,"portland,ind",I found a nice deal on Amazon. 25% OFF coupon O5Q9TJLH for Pocket Blanket. https://t.co/qvqjTfvcg6 https://t.co/BhBEbof6Kq #giveaway,0,Amazon
76,Resourceful1942,This Planet,"RT @theintercept: The ""Amazon Amendment"" would effectively hand government purchasing power over to Amazon https://t.co/S1Eq0URR6f",6,Amazon
77,JohnTho05109197,"West Virginia, USA","I entered a giveaway for a chance to win ""Women Poncho Reversible Blanket Scarf Sweate..."" by Linked Moda. https://t.co/2Is35iadZt #giveaway",0,Amazon
78,RachelGriesmer,,In need of a great #WeekendRead? #Never (#PennymakerTales Series bk 4) by @taralain https://t.co/cMYDVVfWjB https://t.co/cjjWsGRAfm,0,Amazon
79,RachelGriesmer,,"You can #win one of two $25 Amazon Cards @Ohiohomeschool. Give-away ends November 6, 2017 https://t.co/JjKlTKKZyu",0,Amazon
80,CodingFlux_,,Better Web Typography For A Better Web  https://t.co/KERagDE54z #css #CodingFlux_,0,Amazon
81,DancingWillow78,"Florida, USA","I entered a giveaway for a chance to win ""VUTTOO¬Æ Customized Rectangle Non-Slip Rubber ..."" by VUTTOO. https://t.co/Gt5E1C8yl9 #giveaway",0,Amazon
82,EarthMotherMsgs,Western Maryland,@Earthmothermsgs #Divine #Earth #Award #Healing #Spirituality #Wisdom The Great #Mother Bible #kindle #Gaia #Green‚Ä¶ https://t.co/yQlYnCrZ2D,0,Amazon
83,NasBaharuddin,Subang Jaya,RT @EmrgencyKittens: Amazon delivery days are the best days if you‚Äôre a cat. https://t.co/B6sypcS8WI,1554,Amazon
84,iTreverBartlett,,#DSLR #Photography Wien.Vienna.Danube.Donau.Walk. by SophieS https://t.co/Sa97otTXdu https://t.co/qMA7x9Ms0z,0,Amazon
85,Super_SparkJr,,RT @WorldAndScience: Awesome and stunning  NASA Travel Posters of the Future 2018 Wall Calendar: https://t.co/vyQCvNhubZ -Amazon https://t.‚Ä¶,25,Amazon
86,ZachChop,"Orlando, FL",There's Something Hidden Beneath The Surface. Join Adal and Arija into the center of the Earth and into The World M‚Ä¶ https://t.co/2XzNDtKqdZ,0,Amazon
87,journal_style,,RT @chrissyteigen: Ahh so excited #CravingsCookBook is now available in the UK!! You can buy a copy here! https://t.co/xpts9vT4js https://t‚Ä¶,107,Amazon
88,Ruben5916,,RT @WorldAndScience: Awesome - Planetary Glass Set: https://t.co/ChG2AozJSX -AmazonAfflink https://t.co/Drl9Rj0bfv,132,Amazon
89,MJ_McGriff,"West Palm Beach, FL",Today is the LAST day to get The Fall for free on Amazon! Click here now! https://t.co/338ZNvsTFP #scifi #amreading https://t.co/Magy1RYpi7,1,Amazon
90,dgp1496,"Vancouver, Canada",RT @DavidJuno: Amazon CEO Jeff Bezos sold more than $1 billion worth of stock this week https://t.co/3O4YTkoMkD via @Verge,1,Amazon
91,UFOParanormNews,,#PRT #Specials  https://t.co/PDPPYzPXFg Amazon Warehouse Deals Deep Discounts on Open box and Used https://t.co/pcOQWaA1j1,0,Amazon
92,pamlecky,Ireland,"RT @darkspires: Sword of Shadows, lost Excalibur decides the fate of man... #Dystopia  #Sale https://t.co/7TqhtPUcdp https://t.co/fZYJXniBs‚Ä¶",7,Amazon
93,D_Finkelstein,Roswell New Mexico Area 51,Check out Retro Zone for a chance to win a SNES Classic Edition! #AmazonRetroZone https://t.co/N2EcS2b467 https://t.co/yGkDq7v4eF #giveaway,0,Amazon
94,betty1751,,"I entered a giveaway for a chance to win ""Hard Case iPhone X, Crystal Clear Ultra Thin Slim..."" by KINGMI. https://t.co/T6vvaWopeQ #giveaway",0,Amazon
95,EarthMotherMsgs,Western Maryland,"@EarthMotherMsgs ‚ÄúMore wisdom, emotion in this book than whole library. Sincere. Amazing!"" #kindle #Gaia #Green‚Ä¶ https://t.co/zpG7buV1JC",0,Amazon
96,JlspzSpitz,"Georgia, USA",RT @VeeVonSweets: Thank you everyone for the birthday gifts https://t.co/Ga3uFC41Oh https://t.co/WXVAopaBLz,1,Amazon
97,bettyboop51548,,"I entered a giveaway for a chance to win ""White Glitter Mom Just Like Dad Only Smarter Wo..."" by Sun Nowa. https://t.co/FGpWEK1YiD #giveaway",0,Amazon
98,BDPubL,Cork,Coming Soon... the story of seven lads from Cork and the shenanigans they get up to... #newbook #cork #ComingSoon‚Ä¶ https://t.co/bIuZeIqckG,0,Amazon
99,TCMcComb,Virginia,"I entered a giveaway for a chance to win ""iDGLAX iDG-787B LCD LED Video Multimedia Mini Por..."" by iDGLAX. https://t.co/OCJc1S3z6c #giveaway",0,Amazon
100,annette14,"portland,ind","I entered a giveaway for a chance to win ""ColorJoy Compatible Ink Cartridges HP 932XL 933..."" by ColorJoy. https://t.co/1N5QhQ133t #giveaway",0,Amazon
101,salqahtani1111,"Riyadh, Kingdom of Saudi Arabia","RT WSJ ""Amazon aims to drive a harder bargain with its new ‚ÄúDiscount provided by Amazon‚Äù https://t.co/mnuDCFidIE""",0,Amazon
102,EarthMotherMsgs,Western Maryland,@Earthmothermsgs #Gaia #Award Winning #Kindle #discount #wisdom Great #Mother Bible #Mystic #5stars‚Ä¶ https://t.co/xvuI0yB7k1,0,Amazon
103,Cartofbooks,,RT @BeingAuthor: Del Rio makes his final moves in an endgame no one will see coming. #Read @ScribesShade https://t.co/KC0nGFUhsJ https://t.‚Ä¶,6,Amazon
104,FemdomCamGirl,,RT @ivyclamazon: Happy #SundayMorning it's a chilly day! Warm me up with tributes &amp; sessions - KIK available all day! I want more Amazon gi‚Ä¶,4,Amazon
105,jasonrodman,Seattle,I was staying strong against buying the Nest T-stat. Then Costco had it for $25 less than Amazon.  Now I have a Nest T-stat.,0,Amazon
106,Becki_JoAnn,"North West, England",I'm in the running to win a ¬£50 Amazon voucher with @wafflemamauk &amp; Canesten https://t.co/VXCl7dqbDy,0,Amazon
107,sjjacksonauthor,,"RT @TryNewBooks: ‚ÄúIt‚Äôs deftly done, involving the reader in her plight.‚Äù #suspense https://t.co/4uTB3Lu5iV by @sjjacksonauthor https://t.co‚Ä¶",1,Amazon
108,mburns1243,"Lubbock, Texas","Check out https://t.co/GVJ5c80Rly, a Kindle Scout book and send out a Tweet to enter and win a Fire Tablet https://t.co/dsENJYLAFr #giveaway",0,Amazon
109,fishhookdeals,USA,Nike Air Bakin' Retro 316383 001 Size 11 Rodman Jordan I IV XI VII VI II $99.80 via Amazon https://t.co/exem29UK9B #deals #nike #jordans,0,Amazon
110,DoctorNeural,Global,"Top today's sales -&gt;  ProSource Kids Puzzle Alphabet,  Numbers,.. for $26.33 #amazon #ad [https://t.co/rctTaTbSdN] https://t.co/RD0u4jCuNP",0,Amazon
111,ShiftSprintDS,L.A. Meltdown,RT @WSJ: Amazon aims to drive a harder bargain with its new ‚ÄúDiscount provided by Amazon‚Äù https://t.co/8X0EARLnrU,10,Amazon
112,brookepruett137,Missouri,"I entered a giveaway for a chance to win ""Women Poncho Reversible Blanket Scarf Sweate..."" by Linked Moda. https://t.co/0oKhuG3SvR #giveaway",0,Amazon
113,jenna_designs,,I'm in the running to win this $125 Amazon Gift Card!! You can enter too!! #sweepstakes #free #contest @likkejuan https://t.co/NwFoaoa9UB,0,Amazon
114,MyPromoTweets,"Los Angeles, CA",12. Old School Labs Vintage Burn Thermogenic Fat Burner - Weight Loss Supplement | https://t.co/9JG6MHEosZ‚Ä¶ https://t.co/jsGnOyOqdi,0,Amazon
115,kmgnt,,"I entered a giveaway for a chance to win ""Hard Case iPhone X, Crystal Clear Ultra Thin Slim..."" by KINGMI. https://t.co/6GKUtMMa7S #giveaway",0,Amazon
116,TmarieHorn,"Las Vegas, NV",I just entered to #win a $100 Amazon Gift Card and you can too https://t.co/NUiCr4X3rd #AmazonGiveaway #Giveaway,0,Amazon
117,KimThayllsEyes,Schenectady County,RT @redragdolly: Lilly Peppertree hardback and paperback copy out on Lulu  and Amazon. https://t.co/PcPRKzV0W4 also on kindle https://t.co/‚Ä¶,3,Amazon
118,sjjacksonauthor,,"RT @TasteNewBooks: ‚ÄúIt‚Äôs deftly done, involving the reader in her plight.‚Äù #suspense https://t.co/qoOf82Eit7 by @sjjacksonauthor https://t.‚Ä¶",1,Amazon
119,KevlnPazik,"Princeton, NJ",RT @Tallia_Storm: Me being extra cause my book 'POP GIRL: SIGNED WITH A KISS' is ¬£5 on Amazon this week!!! ü§óüíïüí´ Published @scholasticuk http‚Ä¶,43,Amazon
120,WhatfingerNews,"Dallas, TX",RT @ScottAdamsSays: I was disappointed that my 2018 Dilbert calendar was not the #1 bestseller in its category. But I got over it. https://‚Ä¶,99,Amazon
121,John_F_Vega,London,Amazon uk are selling Farpoint with the Aim controller for ¬£54.99....that's a good price for those that have been waiting for stock,0,Amazon
122,camelcamelcamel,"Oakland, CA",@mrsjeffrie0702 The Secret Life of Pets [Blu-ray] is now on sale for $14.99 at Amazon. Product page: https://t.co/4SlbCl5iHw,0,Amazon
123,bbbernadettee,"Queens, NY","starting a patreon so i can afford to order 24 cans of diet coke and the book version of call me by your name off amazon, pls pledge",0,Amazon
124,camelcamelcamel,"Oakland, CA",@Cdh8585 The Secret Life of Pets [Blu-ray] is now on sale for $14.99 at Amazon. Product page: https://t.co/4SlbCl5iHw,0,Amazon
125,YahooFinance,"New York, NY","How Amazon quickly trains 120,000 workers for the holidays @JPManga https://t.co/APphlMaBfx https://t.co/9txQFD0K40",1,Amazon
126,Dusty_Monk,"Dallas, TX","Using Amazon Alexa to play my playlist from Amazon Music, over the Bluetooth enabled soundbar and subwoofer. I live in the future.",0,Amazon
127,bktwts2,,Resorts to lasagna in a desperate bid to avoid a terrible secret. https://t.co/GUPvjdv9Oe #mystery  #noir,0,Amazon
128,sjjacksonauthor,,"RT @findnewbooks: ‚ÄúIt‚Äôs deftly done, involving the reader in her plight.‚Äù #suspense https://t.co/M8M6tHrfMe by @sjjacksonauthor https://t.c‚Ä¶",1,Amazon
129,Raymond_Norman,"Wisconsin & Minnesota, USA","RT @MorganMandel: ""A Treat for Dog Lovers"" Our Fur Babies #asmsg #cr4u #dogs #pets #KU #kindleUnlimited #Prime https://t.co/8Z3o6c9ZrY http‚Ä¶",43,Amazon
130,hunshima,"Montgomery, AL",Amazon UK now has over 100 instant-order Dash buttons https://t.co/WZl7vsGSJZ,0,Amazon
131,SueCooperBridge,England Shires,RT @ElizStJohn: Why was #KingJames the target of the #GunpowderPlot? Character insights from #TheLadyoftheTower #HisFic  #17thC   https://t‚Ä¶,1,Amazon
132,AmandaW44605057,,I found a nice deal on Amazon. 25% OFF coupon O5Q9TJLH for Baking Sheet Set. https://t.co/XE1k20Qs5R https://t.co/FGeP1EcYuH #giveaway,0,Amazon
133,HazelPennicott,CT,"RT @IngrahamAngle: This is all laid bare in ""Billionaire at the Barricades."" https://t.co/fuFNvjTXlo https://t.co/aytJEqG8Df",340,Amazon
134,onelittleidiot,,The amazon queen was delighted with the results of her beachcombing - pic by soulstain https://t.co/7QF2drOpdQ,0,Amazon
135,Joeblac60777869,,"RT @theintercept: The ""Amazon Amendment"" would effectively hand government purchasing power over to Amazon https://t.co/S1Eq0URR6f",6,Amazon
136,RachelGriesmer,,#Win the amazing #WithLoveforBooks Dangerous Days #book series by Baileigh Higgins &amp; $10 Amazon #giftcard #giveaway! https://t.co/Fb5eXhCWuS,0,Amazon
137,2000_mondo,"Berkeley, CA",The ‚ÄúAmazon amendment‚Äù would effectively hand government purchasing power over to Amazon https://t.co/Dq5Vjgmc9p by @ddayen,0,Amazon
138,jsgbaker,London. Ludlow. ,Massive üíï to @heartyourbodyuk all author of the #littlebookofbodyconfidence https://t.co/bz4WhQyhIy #bodyimage #bopo https://t.co/CZQ7KvsbGh,0,Amazon
139,gionarlo,Cura√ßao,Ways #Amazon is Killing Traditional #Retail - @Floship https://t.co/613oKGJHek,0,Amazon
140,jpwheatman737,Love Doin Merica Things,RT @Tallia_Storm: Me being extra cause my book 'POP GIRL: SIGNED WITH A KISS' is ¬£5 on Amazon this week!!! ü§óüíïüí´ Published @scholasticuk http‚Ä¶,43,Amazon
141,carrymebeyond,,RT @EmrgencyKittens: Amazon delivery days are the best days if you‚Äôre a cat. https://t.co/B6sypcS8WI,1554,Amazon
142,CoetheCrocodile,Aqu√≠ entintando,RT @ClickHole: This Inspiring Nonprofit Sends People Into The Amazon Rain Forest To Teach Indigenous Tribes Who Super Mario Is https://t.co‚Ä¶,256,Amazon
143,JuEphraime,Connecticut,RT @ML_Callahan: Your Mates Are Out There! @AmazonWorldwide https://t.co/cYhylTzStO @iBooks https://t.co/kT73cYJ6ne @nookBN https://t.co/Lk‚Ä¶,21,Amazon
144,kenchi442718,Email: kenchireads@yahoo.com,RT @MJLaBeff: Can I put a chill in your fall with Last Summer‚Äôs Evil a Last Cold Case novel 1... Last Fall‚Äôs Hunted is #ComingSoon https://‚Ä¶,59,Amazon
145,sjjacksonauthor,,"RT @NewBooks4You: ‚ÄúIt‚Äôs deftly done, involving the reader in her plight.‚Äù #suspense https://t.co/dLAYO7i7Wk by @sjjacksonauthor https://t.c‚Ä¶",1,Amazon
146,VashtiQV,Sunny Florida,"Bitter Awakenings (The Keeper Chronicles, Book 1) by Kester James Finley @kesterfin #RRBC #ParanormalFantasy‚Ä¶ https://t.co/DVge2nwRi2",0,Amazon
147,MaryloiuseC,Livingston - Scotland,RT @authorkatzesnow: üî•üî•LIVEüî•üî• One HELL of a ride! üòà FREE with KU! Link to buy new release: https://t.co/Et3KdTSo8y https://t.co/HlZXWai2fO,2,Amazon
148,Omega__LP,Red Brick City PMB,RT @Tallia_Storm: Me being extra cause my book 'POP GIRL: SIGNED WITH A KISS' is ¬£5 on Amazon this week!!! ü§óüíïüí´ Published @scholasticuk http‚Ä¶,43,Amazon
149,scdude,San Clemente,"Amazon chooses San Diego, CA for HQ2 https://t.co/c6xQMPP5Pc",0,Amazon
150,RachelGriesmer,,Now Available #Never by @taralain https://t.co/cMYDVVfWjB @dreamspinners #LGBT #PNR  #ReleaseDay #PennymakerTales https://t.co/cjjWsGRAfm,0,Amazon
151,ByzantineRoads,44512,"I entered a giveaway for a chance to win ""Alicemall Country Bedding 100% Cotton Soft and..."" by Alicemall. https://t.co/PK2m2Ke90m #giveaway",0,Amazon
152,Utahmom4,Utah,RT @Tallia_Storm: Me being extra cause my book 'POP GIRL: SIGNED WITH A KISS' is ¬£5 on Amazon this week!!! ü§óüíïüí´ Published @scholasticuk http‚Ä¶,43,Amazon
153,carriefranks76,"Justin,Texas",$9.69 for White Gold Plated Fashion Women's Solitaire Necklace w/ Code 3JX6XH8L https://t.co/HaJTc7kuq4 https://t.co/YMubJXccY1 #giveaway,0,Amazon
154,annette14,"portland,ind",I found a nice deal on Amazon. 25% OFF coupon O5Q9TJLH for Pocket Blanket. https://t.co/qvqjTfvcg6 https://t.co/BhBEbof6Kq #giveaway,0,Amazon
155,Resourceful1942,This Planet,"RT @theintercept: The ""Amazon Amendment"" would effectively hand government purchasing power over to Amazon https://t.co/S1Eq0URR6f",6,Amazon
156,JohnTho05109197,"West Virginia, USA","I entered a giveaway for a chance to win ""Women Poncho Reversible Blanket Scarf Sweate..."" by Linked Moda. https://t.co/2Is35iadZt #giveaway",0,Amazon
157,RachelGriesmer,,In need of a great #WeekendRead? #Never (#PennymakerTales Series bk 4) by @taralain https://t.co/cMYDVVfWjB https://t.co/cjjWsGRAfm,0,Amazon
158,RachelGriesmer,,"You can #win one of two $25 Amazon Cards @Ohiohomeschool. Give-away ends November 6, 2017 https://t.co/JjKlTKKZyu",0,Amazon
159,akaAdrianneLee,http://www.adriannelee.com,"RT @abelfrageauthor: #NewRelease Free on KU. 17th Century Adventure, Love &amp; Loss! https://t.co/yhpmmNEhGM https://t.co/B6ojblktWS",5,Amazon
0,alyssaspiering,"Boise, ID. ",will someone go get lunch at costco with me,0,Costco
1,Schumade,"Sumedang Utara, Indonesia",Costco furniture reviews https://t.co/ePNJoL9xb8 https://t.co/EztClUE3vf,0,Costco
2,jasonrodman,Seattle,I was staying strong against buying the Nest T-stat. Then Costco had it for $25 less than Amazon.  Now I have a Nest T-stat.,0,Costco
3,TrishLakeman,,@JuliannaNazaruk The ones we have right now are from Canadian tire and they're already crappy and only 2 years old.‚Ä¶ https://t.co/iCH8fpfiUg,0,Costco
4,DanielleChetrit,Bay Area ,RT @FrickenSiddoh: are you really a snack if everyone‚Äôs had a bite? you‚Äôre a Costco free sample.,153,Costco
5,MistyWOsborne,Kentucky,Costco Holiday Gift Guide Is Ready! via Dian's Daily Deals - ** Costco Holiday Gift Guide Is ... https://t.co/uTILOyrAY9,0,Costco
6,17fmilkyway,,Costco Holiday Gift Guide Is Ready! via Dian's Daily Deals - ** Costco Holiday Gift Guide Is ... https://t.co/Got4wAmdj3,0,Costco
7,ADamnCanadian,"Florida, USA",RT @isabelaseraffim: Me walking into a Costco https://t.co/1KGmviGn0s,366,Costco
8,mussocpa,NYC,How does the right of way work with the carts and shitload of people work at #Costco? Fatter person has right of way?,0,Costco
9,jdeanUT,Salt Lake City,Meanwhile at Costco https://t.co/fjR0Vihj9l,0,Costco
10,JuliannaNazaruk,Stony Plain Alberta,@TrishLakeman Look at Costco or Canadian tire they always have decent sales,0,Costco
11,BluntsNLaughs,Indica-Sativa ,@Costco IÔ∏è am very sad to see that these changes have taken away items which seemed to be great sellers. #bringbacktheoldCostco,0,Costco
12,LisaMakeWords,,"I cleaned my apartment today, and did the dishes and I am going to go to Costco like the adult I am.",0,Costco
13,pixchips,"San Jose, CA",@idebunkforme @rockytech Costco has huge area w toys and decorations.,0,Costco
14,mulcronej1,"Michigan, USA",Sunday dinner @VikingRange plus @Costco Prime equals magic https://t.co/qlCNRIsJLK,0,Costco
15,tomsherwood,District of Columbia,Definition of a fool? Me standing in line at Costco when i have one thing ‚Äî one ‚Äî to buy. https://t.co/VlrfBqbmZu,0,Costco
16,BluntsNLaughs,Indica-Sativa ,@Costco polish dogs gone. Now a sesame bun. (I‚Äôm allergic to sesame seeds) they have brisket sandwiches here. But come with soggy coleslaw,0,Costco
17,migueld951,Home. What's new?,I need to go to Costco now https://t.co/iKnUAGGUy6,0,Costco
18,malcosaurus,Scotland,"We went into Costco for a bottle of caramel syrup, came out with no caramel syrup but a giant‚Ä¶ https://t.co/KiMpXeE7sk",0,Costco
19,girlinabasement,,i bet if a guy proposed to me in a costco we'd get some perks &amp; free samples out of it,0,Costco
20,Hasoon_suzie,,@DougGilmour93 @costcocanada first in line at costco Mississauga. my best friend grew up a huge fan &amp; met doug when‚Ä¶ https://t.co/zgOfhRXjFC,0,Costco
21,BluntsNLaughs,Indica-Sativa ,"@Costco IÔ∏è finally found a #Costco in Texas. IÔ∏è missed it so much. But IÔ∏è was disappointed. Why did the polish dogs disappear, #1",0,Costco
22,WheelnDealMama,,Costco Holiday Savings Deals Start November 9th... https://t.co/2XJUOfwX4T,0,Costco
23,ZakharovaClaire,on the court,who‚Äôs trying to go hit up costco or walmart with me https://t.co/mxjnBaxbfU,0,Costco
24,christinaapip,,RT @isabelaseraffim: Me walking into a Costco https://t.co/1KGmviGn0s,366,Costco
25,_babyjaneee99,"Illinois, USA","I'm at Costco Wholesale in Niles, IL https://t.co/PTLesdHmb8",0,Costco
26,Osic921,Walmart,WHERE IS THE CLOSEST COSTCO https://t.co/okGeFLNZKb,0,Costco
27,sm97xo,Oregon,@ciiindymeow Those look like they‚Äôre in Costco! I‚Äôm def getting one üòá,0,Costco
28,chem233UBCJay,UBC,Here I am. In a Costco parking lot. An hour before it opens. Yay me! #DaylightSavingTime,0,Costco
29,fierymistress,California,That feeling when someone at a @costco with a hot plate and a toaster oven made the meals tastier than you did. https://t.co/LYkNdi0qoI,0,Costco
30,Balmain_Empire,CA,Anyone that bring me Xmas cookies from Costco will be loved forever.,0,Costco
31,carch3r,"Austin, TX","Just when #CoachBf commits to walking it the mile+ to the house, our Costco angel walks up: ""Umm, what's your plan there?""",0,Costco
32,leedevito,Detroit-ish,‚ÄúBe a man and go to @Costco‚Äù - a thing I just said,0,Costco
33,queeeennv,,RT @isabelaseraffim: Me walking into a Costco https://t.co/1KGmviGn0s,366,Costco
34,ketsivaun,Canada,@kassandra1809 OBVIOUSLY NOT WHERE YOU ARE. Come to Canada. üëÄWe also sell poutine in our Costco up here and it's so good. SO FAT BUT GOOD.,0,Costco
35,SittonBeth,,They have a king sized one at Costco for 25 .... best investment ever https://t.co/cSWe4KnXLN,0,Costco
36,julietteLmedina,brooklyn|dc,‚Äúit was easier for me to get into a bar underage than it is to get in to costco‚Äù - my friend,0,Costco
37,janussaint,PDX,"GF: (reading @Costco facts in Wikipedia) ‚ÄúHere‚Äôs a list of all the countries Costco is in, aka all the countries we can move to.‚Äù",0,Costco
38,PixeledPumpkin,British Columbia ,@ImDaveGaming It's evil in the best way. Costco just can't be beat for food prices... But they also sell many evil delicious things,0,Costco
39,NegronSolangie,"Florida, USA",RT @isabelaseraffim: Me walking into a Costco https://t.co/1KGmviGn0s,366,Costco
40,organicssense,Ohio and Florida,Love these on my salad! IÔ∏è can have these on my drjunger 21 day detoxüòä. costco $5.99.‚Ä¶ https://t.co/ogKSaEynLn,0,Costco
41,Carlos_S34,"Monterrey,MX","I'm at Costco in Monterrey, Nuevo Leon https://t.co/VqCjmGuBXU",0,Costco
42,Wayne_JClark,nl,RT @natalieevamarie: It‚Äôs from @costco üòç my mom and i have the same one ‚ú®üòç https://t.co/jSTYiWfpbo,2,Costco
43,carch3r,"Austin, TX",#CoachBf and I are lucky that strangers are nice to us for some reason.... We get to Costco and see an awesome chest freezer on sale,0,Costco
44,eemee,,Sometimes @Costco feels like Disney world to me,0,Costco
45,DiansDeals,,Costco Holiday Gift Guide Is Ready! https://t.co/k0Pl3JiRA2 #BlackFriday2017 BlackFriday #Deals https://t.co/wbdEAVpDiF,0,Costco
46,CarleeJones5,"Edgehood, KY",RT @isabelaseraffim: Me walking into a Costco https://t.co/1KGmviGn0s,366,Costco
47,kara_beara_,"Green Bay, WI","Church used to be the place the community would gather together on Sundays, now that place is @Costco #madness",0,Costco
48,kuntiara,California,I love weekends be the only emails I get are from makeup brands and Costco,0,Costco
49,slicka_333,"Orlando, FL",@fatgalriri_ Looking like the costco version of Ayesha curry,0,Costco
50,JorgeLVidal,"clemmons,nc",When the photo lady says it will be an hour to print up a passport photo @Costco and 90mins later i am still waiting on a Sunday @11am #fail,0,Costco
51,HocamSham,,Costco runs w/ Los. Everytime I see the final amount &amp; he swipes his card Oooooo instant yoso üòÇüíÄ https://t.co/FNULLKKjhs,0,Costco
52,Keurfuffle,"Tucson, AZ",RT @GingerHotDish: How to lose a guy in 10 minutes in Costco.,300,Costco
53,joeshowshow,"Louisville, KY",#StressRelievingHobbies Selling your shitty book on sample day at Costco,0,Costco
54,maitrehipster,"Montr√©al, Qu√©bec",@costcocanada Right now the only thing we read about sampling is how shitty CDS is about letting employees have wat‚Ä¶ https://t.co/HKhrq8rzUf,0,Costco
55,mivujo,"Toronto, Ontario",The way people fight to get into Costco gas lines is actually sad.,0,Costco
56,MichelangeloDA,"Chicago, IL",I have an irrational love for Costco.,0,Costco
57,thebradwilliams,"Lansing/Detroit, Michigan",Maybe not the best ride to bring to Costco. https://t.co/74yJosYCGq,0,Costco
58,alyssaspiering,"Boise, ID. ",will someone go get lunch at costco with me,0,Costco
59,Schumade,"Sumedang Utara, Indonesia",Costco furniture reviews https://t.co/ePNJoL9xb8 https://t.co/EztClUE3vf,0,Costco
60,jasonrodman,Seattle,I was staying strong against buying the Nest T-stat. Then Costco had it for $25 less than Amazon.  Now I have a Nest T-stat.,0,Costco
61,TrishLakeman,,@JuliannaNazaruk The ones we have right now are from Canadian tire and they're already crappy and only 2 years old.‚Ä¶ https://t.co/iCH8fpfiUg,0,Costco
62,DanielleChetrit,Bay Area ,RT @FrickenSiddoh: are you really a snack if everyone‚Äôs had a bite? you‚Äôre a Costco free sample.,153,Costco
63,MistyWOsborne,Kentucky,Costco Holiday Gift Guide Is Ready! via Dian's Daily Deals - ** Costco Holiday Gift Guide Is ... https://t.co/uTILOyrAY9,0,Costco
64,17fmilkyway,,Costco Holiday Gift Guide Is Ready! via Dian's Daily Deals - ** Costco Holiday Gift Guide Is ... https://t.co/Got4wAmdj3,0,Costco
65,ADamnCanadian,"Florida, USA",RT @isabelaseraffim: Me walking into a Costco https://t.co/1KGmviGn0s,366,Costco
66,mussocpa,NYC,How does the right of way work with the carts and shitload of people work at #Costco? Fatter person has right of way?,0,Costco
67,jdeanUT,Salt Lake City,Meanwhile at Costco https://t.co/fjR0Vihj9l,0,Costco
68,JuliannaNazaruk,Stony Plain Alberta,@TrishLakeman Look at Costco or Canadian tire they always have decent sales,0,Costco
69,BluntsNLaughs,Indica-Sativa ,@Costco IÔ∏è am very sad to see that these changes have taken away items which seemed to be great sellers. #bringbacktheoldCostco,0,Costco
70,LisaMakeWords,,"I cleaned my apartment today, and did the dishes and I am going to go to Costco like the adult I am.",0,Costco
71,pixchips,"San Jose, CA",@idebunkforme @rockytech Costco has huge area w toys and decorations.,0,Costco
72,mulcronej1,"Michigan, USA",Sunday dinner @VikingRange plus @Costco Prime equals magic https://t.co/qlCNRIsJLK,0,Costco
73,tomsherwood,District of Columbia,Definition of a fool? Me standing in line at Costco when i have one thing ‚Äî one ‚Äî to buy. https://t.co/VlrfBqbmZu,0,Costco
74,BluntsNLaughs,Indica-Sativa ,@Costco polish dogs gone. Now a sesame bun. (I‚Äôm allergic to sesame seeds) they have brisket sandwiches here. But come with soggy coleslaw,0,Costco
75,migueld951,Home. What's new?,I need to go to Costco now https://t.co/iKnUAGGUy6,0,Costco
76,malcosaurus,Scotland,"We went into Costco for a bottle of caramel syrup, came out with no caramel syrup but a giant‚Ä¶ https://t.co/KiMpXeE7sk",0,Costco
77,girlinabasement,,i bet if a guy proposed to me in a costco we'd get some perks &amp; free samples out of it,0,Costco
78,Hasoon_suzie,,@DougGilmour93 @costcocanada first in line at costco Mississauga. my best friend grew up a huge fan &amp; met doug when‚Ä¶ https://t.co/zgOfhRXjFC,0,Costco
79,BluntsNLaughs,Indica-Sativa ,"@Costco IÔ∏è finally found a #Costco in Texas. IÔ∏è missed it so much. But IÔ∏è was disappointed. Why did the polish dogs disappear, #1",0,Costco
80,WheelnDealMama,,Costco Holiday Savings Deals Start November 9th... https://t.co/2XJUOfwX4T,0,Costco
81,ZakharovaClaire,on the court,who‚Äôs trying to go hit up costco or walmart with me https://t.co/mxjnBaxbfU,0,Costco
82,christinaapip,,RT @isabelaseraffim: Me walking into a Costco https://t.co/1KGmviGn0s,366,Costco
83,_babyjaneee99,"Illinois, USA","I'm at Costco Wholesale in Niles, IL https://t.co/PTLesdHmb8",0,Costco
84,Osic921,Walmart,WHERE IS THE CLOSEST COSTCO https://t.co/okGeFLNZKb,0,Costco
85,sm97xo,Oregon,@ciiindymeow Those look like they‚Äôre in Costco! I‚Äôm def getting one üòá,0,Costco
86,chem233UBCJay,UBC,Here I am. In a Costco parking lot. An hour before it opens. Yay me! #DaylightSavingTime,0,Costco
87,fierymistress,California,That feeling when someone at a @costco with a hot plate and a toaster oven made the meals tastier than you did. https://t.co/LYkNdi0qoI,0,Costco
88,Balmain_Empire,CA,Anyone that bring me Xmas cookies from Costco will be loved forever.,0,Costco
89,carch3r,"Austin, TX","Just when #CoachBf commits to walking it the mile+ to the house, our Costco angel walks up: ""Umm, what's your plan there?""",0,Costco
90,leedevito,Detroit-ish,‚ÄúBe a man and go to @Costco‚Äù - a thing I just said,0,Costco
91,queeeennv,,RT @isabelaseraffim: Me walking into a Costco https://t.co/1KGmviGn0s,366,Costco
92,ketsivaun,Canada,@kassandra1809 OBVIOUSLY NOT WHERE YOU ARE. Come to Canada. üëÄWe also sell poutine in our Costco up here and it's so good. SO FAT BUT GOOD.,0,Costco
93,SittonBeth,,They have a king sized one at Costco for 25 .... best investment ever https://t.co/cSWe4KnXLN,0,Costco
94,julietteLmedina,brooklyn|dc,‚Äúit was easier for me to get into a bar underage than it is to get in to costco‚Äù - my friend,0,Costco
95,janussaint,PDX,"GF: (reading @Costco facts in Wikipedia) ‚ÄúHere‚Äôs a list of all the countries Costco is in, aka all the countries we can move to.‚Äù",0,Costco
96,PixeledPumpkin,British Columbia ,@ImDaveGaming It's evil in the best way. Costco just can't be beat for food prices... But they also sell many evil delicious things,0,Costco
97,NegronSolangie,"Florida, USA",RT @isabelaseraffim: Me walking into a Costco https://t.co/1KGmviGn0s,366,Costco
98,organicssense,Ohio and Florida,Love these on my salad! IÔ∏è can have these on my drjunger 21 day detoxüòä. costco $5.99.‚Ä¶ https://t.co/ogKSaEynLn,0,Costco
99,Carlos_S34,"Monterrey,MX","I'm at Costco in Monterrey, Nuevo Leon https://t.co/VqCjmGuBXU",0,Costco
100,Wayne_JClark,nl,RT @natalieevamarie: It‚Äôs from @costco üòç my mom and i have the same one ‚ú®üòç https://t.co/jSTYiWfpbo,2,Costco
101,carch3r,"Austin, TX",#CoachBf and I are lucky that strangers are nice to us for some reason.... We get to Costco and see an awesome chest freezer on sale,0,Costco
102,eemee,,Sometimes @Costco feels like Disney world to me,0,Costco
103,DiansDeals,,Costco Holiday Gift Guide Is Ready! https://t.co/k0Pl3JiRA2 #BlackFriday2017 BlackFriday #Deals https://t.co/wbdEAVpDiF,0,Costco
104,CarleeJones5,"Edgehood, KY",RT @isabelaseraffim: Me walking into a Costco https://t.co/1KGmviGn0s,366,Costco
105,kara_beara_,"Green Bay, WI","Church used to be the place the community would gather together on Sundays, now that place is @Costco #madness",0,Costco
106,kuntiara,California,I love weekends be the only emails I get are from makeup brands and Costco,0,Costco
107,slicka_333,"Orlando, FL",@fatgalriri_ Looking like the costco version of Ayesha curry,0,Costco
108,JorgeLVidal,"clemmons,nc",When the photo lady says it will be an hour to print up a passport photo @Costco and 90mins later i am still waiting on a Sunday @11am #fail,0,Costco
109,HocamSham,,Costco runs w/ Los. Everytime I see the final amount &amp; he swipes his card Oooooo instant yoso üòÇüíÄ https://t.co/FNULLKKjhs,0,Costco
110,Keurfuffle,"Tucson, AZ",RT @GingerHotDish: How to lose a guy in 10 minutes in Costco.,300,Costco
111,joeshowshow,"Louisville, KY",#StressRelievingHobbies Selling your shitty book on sample day at Costco,0,Costco
112,maitrehipster,"Montr√©al, Qu√©bec",@costcocanada Right now the only thing we read about sampling is how shitty CDS is about letting employees have wat‚Ä¶ https://t.co/HKhrq8rzUf,0,Costco
113,mivujo,"Toronto, Ontario",The way people fight to get into Costco gas lines is actually sad.,0,Costco
114,MichelangeloDA,"Chicago, IL",I have an irrational love for Costco.,0,Costco
115,thebradwilliams,"Lansing/Detroit, Michigan",Maybe not the best ride to bring to Costco. https://t.co/74yJosYCGq,0,Costco
0,sandysgingham,Wild Wild West,2 Post Road Custom Hand Towels Decorated w New Ralph Lauren Fabric | eBay  https://t.co/FGGlpAmRYH,0,ebay
1,serowa,Georgia,Check out Rouge Foxy-02 Decorated Black Size 8 Calf Cowboy Boots #Rouge #Cowboy https://t.co/UPIbj6Lr8M via @eBay,0,ebay
2,NewDeals_C87,,PISEN OTG Adapter For Cell #Phone #Tablet #digital #market #deals #sales #today #iphone #tech #video #np‚Ä¶ https://t.co/pK1I4MAvAb,0,ebay
3,brandbazzar,"West Hartford, CT",[SALE] #Starbucks #coffee #mug 16 fl oz (473 ml) DO NOT MICROWAVE H https://t.co/XA5ZZpAeB9 visit our ebay store https://t.co/AGTTMYdtxC,0,ebay
4,BigFishFinds,North Carolina,RT @supergirlebay: #Gymboree #BabyGirl #Yellow #Strawberry #Flowers #Sleeveless #Dress #girlboss #babyclothes  Size 6 - 12 Months https://t‚Ä¶,1,ebay
5,CatBot13,America,RT @BidNowPetSupply: NEW American Flag Dog Collar - Large   MADE IN USA https://t.co/sDMHTO7Lqh #petsupplies #pet #dog #cat #ebay #ad,1,ebay
6,Yeuxfa_Xeotsu,"New York, USA",Zinc Alloy Metal Drawer Cabinet Cupboard Wardrobe Door Pull Handle Knobs https://t.co/AwSwGMwFks,0,ebay
7,BidNowPetSupply,America,NEW American Flag Dog Collar - Large   MADE IN USA https://t.co/sDMHTO7Lqh #petsupplies #pet #dog #cat #ebay #ad,1,ebay
8,1percentwatches,,#Blancpain Villeret Ultra Slim 18k Yellow Gold Open Skeleton Case Back  https://t.co/ofg2D9y9cp https://t.co/dbCORC4Yf8,0,ebay
9,Toms_Golf_Deals,"Illinois, USA",Look what I found on @eBay! https://t.co/9mpxP0RE7r via @eBay,0,ebay
10,richcash8,"Lake Tahoe, Nevada","Prince Alwaleed billionaire Clinton Foundation donor w AAPL, C, EBAY, FOXA, TWTR, called T ""disgrace not only to GOP but to all America""",0,ebay
11,Chromecastebay,United States,New Chromecast on Ebay Genuine Authentic Google Chromecast Media Streaming Device (H2G2-42) - Used‚Ä¶ https://t.co/SIapLslxTB,0,ebay
12,joebayy,,Nike Dri-Fit Women's Crew Shorts Royal Blue With Black Control Top Size Small #Nike https://t.co/6xODP6f3DC via @eBay,0,ebay
13,SpartyHawkCache,"Overland Park, KS","Check out Al ""The Mad Hungarian"" Hrabosky (P) StL Cards-Autographed MLB Baseball (BAS COA) https://t.co/sbhpIa7m0B @eBay",0,ebay
14,lappear_ebay,New Jersey,‚ô°‚àû Christmas Carolers Bell Siilver PLated? with Wooden Handle U25 https://t.co/8IswPOMTum https://t.co/Uxip64BQuP,0,ebay
15,ambigdeals,"Florida, USA",Check out what I found. Cooker Pressure Electric 6 Litre 1000 W Brushed Stainless Steel Black https://t.co/ejOSLCi2qq via @eBay_UK,0,ebay
16,1percentwatches,,#Omega Seamaster Professional 300m 2561.80.00 Wrist Watch for Men James https://t.co/aPcwJCV4ZR https://t.co/w7nZg6CVcO,0,ebay
17,dejavugarbsplu3,,‚ô†Œî Green Tea Plus XXL New Black Crushed Velvet Step Hemline Short Sleeve... Available 4U https://t.co/HZhiIw9olr https://t.co/eBtZTPK0JM,0,ebay
18,BlogForTheCause,Online!,Nike Air Max 97 Cobblestone Grey Suede White UK 10.5 11.5 US QS PRM https://t.co/BnDG4VU1LH,0,ebay
19,BigFishFinds,North Carolina,RT @supergirlebay: #CuriousGeorge Varsity #Socks #2Pack #ebay #forsale #girlboss #SetOf2 https://t.co/KzyYnJfdib @eBay,1,ebay
20,WatchesArt,,#FREE OVERNIGHT! TUDOR HERITAGE BLACK BAY RED WATCH LEATHER CANVAS STRA #LuxuryWatch https://t.co/tkSrHtAzsf https://t.co/bbrXOhy5fp,0,ebay
21,lappear_ebay,New Jersey,‚úØ‚ùÄ Danbury Mint Santa Claus Christmas Silver Rhodium Plated Bell 1978 w/Box https://t.co/z8fEakZJuS https://t.co/n6Iv19sIp1,0,ebay
22,holidayhqteam,,Florida Gators Plastic Chrome 3D Emblem Automotive Car Truck Vehicle NCAA https://t.co/gfibfa0Zy4,0,ebay
23,Negwenydonkey,Luxembourg,Check out what I found.  https://t.co/ja4GAqSOQB via @eBay_UK,0,ebay
24,WatchesArt,,#Frederique Constant Ladies Automatic Diamond Womens Watch Date FC-303W #LuxuryWatch https://t.co/zPkQSeffXT https://t.co/adcUcSSYsw,0,ebay
25,TSVAntiques,UK,"Check out what I found. #Vintage  #necklace &amp;amp; earrings set signed #jewelcraft, #costumejewellery https://t.co/rReW2RWayC via @eBay_UK",0,ebay
26,Sun_Lord,London,Check out Makewe 22 or 32 OZ Thermos Double-walled Vacuum Insulated Stainless Steel https://t.co/PQB4pWdKhw @eBay,0,ebay
27,ljowil628,Springfield MO,Check out Pedigree Men's 42 Nylon Jacket Vintage The Name That Skis The World USA Brown #Pedigree https://t.co/9zupYsHkWQ via @eBay,0,ebay
28,BlogForTheCause,Online!,Nike Air Max 90 Ultra 2.0 Flyknit Medium Olive Green String 875943 001 Size 8-13 https://t.co/0s96IJlVI6,0,ebay
29,BlogForTheCause,Online!,Nike  Kobe XI Elite Low Mens Sz 7.5 Bright Mango Grey 822675-078 Easter $200 https://t.co/grXw2zXqDA,0,ebay
30,WatchesArt,,#Beautiful Piaget Dancer 18K Yellow Gold Mother of Pearl &amp; Diamond (1.0 #LuxuryWatch https://t.co/iQmSzv7X23 https://t.co/slTPEYQgYh,0,ebay
31,WatchesArt,,#Blancpain Villeret Ultra Slim 18k Yellow Gold Open Skeleton Case Back  #LuxuryWatch https://t.co/rNCDYfrrWE https://t.co/yyUPe1yzph,0,ebay
32,2ndressedtokill,,‚ù§‚úæ Ann Taylor M Pink Silk Lined Ruffle V-Neckline Side Zip Short Sleeve T... Unbeatable! https://t.co/MpGijEtxOZ https://t.co/BIojgrccT0,0,ebay
33,BlogForTheCause,Online!,Nike Air Max 97 Cobblestone Grey Suede White UK 13 US 14 QS PRM https://t.co/9MxibdMusf,0,ebay
34,ShoesIsCrazy,US,Vans Breton Boot Black QE2A12 black over-the-ankle https://t.co/B4BBY1k0x4,0,ebay
35,BlogForTheCause,Online!,NEW Nike Air Jordan Retro 13 XIII Bred Black Red 414571 010 Mens Size 10  https://t.co/1L6HszAoCk,0,ebay
36,BlogForTheCause,Online!,"Nike Air Jordan Retro 1 High OG ""ROYAL BLUES"", Men's Size 10.5 https://t.co/UDjLsu6T4a",0,ebay
37,WatchesArt,,#18k YG. AND DIAMOND LADIES VINTAGE DRESS ROLEX WATCH #LuxuryWatch https://t.co/lgfmZQTP3h https://t.co/VaWMJL7i8s,0,ebay
38,ShoesIsCrazy,US,Brand New Air Jordan 3 Retro Prem HC Women's Athletic Sneakers [AA1243 020] https://t.co/FYVDncd0lH,0,ebay
39,BlogForTheCause,Online!,"Nike Tanjun SE 844908001 black halfshoes 6.0,6.5 https://t.co/ryvRFp0wfT",0,ebay
40,BlogForTheCause,Online!,Nike Air Jordan 2010 / US Size 9 /  BLK/DARK CHARCOAL-VRSTY RD 387358 001 / New https://t.co/0rsmRvl9Qw,0,ebay
41,joebayy,,Check out Nike Dri-Fit Women's Crew Shorts Royal Blue With Black Control Top Size Small #Nike https://t.co/6xODP6f3DC via #eBay,0,ebay
42,WatchesArt,,#Omega Seamaster Professional 300m 2561.80.00 Wrist Watch for Men James #LuxuryWatch https://t.co/grQrBGnxu6 https://t.co/J9ncidethZ,0,ebay
43,BlogForTheCause,Online!,Nike X KITH Air Pippen 1 - Black Pony Size 12 https://t.co/FzwDoDfr7e,0,ebay
44,BlogForTheCause,Online!,Nike Air Max 97 Cobblestone Grey Suede White UK 12 13 US QS PRM https://t.co/YDOqFBS9DX,0,ebay
45,2ndressedtokill,,‚ô†‚ôØ Nine West M/8 Brown Silk Artsy Floral Print Beaded V-Neckline Short Sl... Crazy Prices https://t.co/EPUPlBdUmv https://t.co/aC2AnNTXns,0,ebay
46,SpartyHawkCache,"Overland Park, KS",Check out Amos Otis (CF) Kansas City Royals - Autographed MLB Baseball (BAS COA) https://t.co/jlJwucj979 @eBay,0,ebay
47,hammersmith78,,RT @collectstones: Rolling Stones /    Lp  2a / 3a https://t.co/3wHs9tLjYo https://t.co/21Czsij2qG,3,ebay
48,BlogForTheCause,Online!,NEW DS Nike Air Jordan 1 Retro Hare 2009 Size 11.5 Mens 374454 011 https://t.co/XX0inoh935,0,ebay
49,SouthernEclect,"Myrtle Beach, SC",Check out Healthy Cooking by Taste of Home June / July 2011  https://t.co/y6D2eeAHU8 via @eBay,0,ebay
50,BlogForTheCause,Online!,NIB Men's Nike Air VaporMax FlyKnit Pure Platinum / Wolf Grey 849558-004 https://t.co/HknY2hCsWW,0,ebay
51,dejavugarbsplu3,,‚ô°‚ùÉ Green Tea Plus XXL New  Blue Crushed Velvet Step Hemline Short Sleeve... Act now https://t.co/rUuum9gOXf https://t.co/n0dAyqwby9,0,ebay
52,ShoesIsCrazy,US,Brooks Running Men's Addiction 13 Shoe https://t.co/iBHOXYllfg,0,ebay
53,BlogForTheCause,Online!,Foamposite Volt lime  size 13 https://t.co/em1JX4sesc,0,ebay
54,Brand_Clothes,USA,‚óî‚Ä¢ NIB ALAIA BLACK SUEDE STUDDED ROUND TOE SCULPTURED HIGH HEEL PUMPS 36.... Classic https://t.co/2a5mlRywOr https://t.co/0F0UZVa3f5,0,ebay
55,Patrici24365075,"Chester, England",#BarnsleyHour üôÑ Dragon Head Knife Hand Spinner Darts Stress Reducer EDC Fidget Finger Toy Cool ü§î‚Ä¶ https://t.co/2HMQxchF4p,0,ebay
56,BlogForTheCause,Online!,Nike Air Max 95 Running Walking Black Binary Blue Royal Grey Sz 13 749766-023  https://t.co/Q8Hu9aAmaK,0,ebay
57,dejavugarbs,"Las Vegas, NV",‚úî‚ôÆ GREEN TEA XXL NEW TEAL SPACE-DYE ZIPPER DETAIL HI-LO HEM SHORT SLEEVE... Best Ever https://t.co/HsdQuri7gw https://t.co/4vZaJBezce,0,ebay
58,joebayy,,Check out Nike Dri-Fit Women's Crew Shorts Royal Blue With Black Control Top Small #Nike https://t.co/6xODP6f3DC via @eBay,0,ebay
59,dejavugarbsplu3,,‚òº‚ôÆ GREEN TEA XL NEW WHITE BUTTERFLY PATTERN STUDS ROUND NECK SHORT SLEEVE... Act now https://t.co/I4mDZRmlm5 https://t.co/NqpYnT6obL,0,ebay
60,Malibulove919,Malibu,Check out Lululemon gorgeous hot pink zip pullover size 6 #Lululemon #ZipPullover https://t.co/y7FiZg8e2O via @eBay,0,ebay
61,belleshoppe333,Pacific Northwest - Oregon,RT @blueamberrain6: Check out Milton Toddler 12 Month Airborne Jumpsuit Green Military Outfit Dressup  https://t.co/0AkU0xTzFD @eBay,6,ebay
62,PeriodComics,,Amazing Adventures # 6 - Ditko art &amp; Kirby monster cover VG Cond. https://t.co/h0bH4FvikL https://t.co/8hECoL3noS,0,ebay
63,Bokanume,,Check out AIR JORDAN 2 RETRO NIGHTSHADE II SZ SIZE 14 385475-303 just don off white 1 blue #Jordan https://t.co/KGEMbphyhe via @eBay,0,ebay
64,CallaghanDamien,Canberra Australia,Check out Patrick Patty Mills Hand Signed San Antonio Spurs NBA Jersey https://t.co/m06r8TRKAe @eBay @NBAcom @NBA_AU,0,ebay
65,joebayy,,Check out Nike Dri-Fit Women's Crew Shorts Royal Blue With Black Control Top Size Small #Nike https://t.co/6xODP6f3DC,0,ebay
66,SpartyHawkCache,"Overland Park, KS",Check out John Mayberry (1B) Kansas City Royals - Autographed MLB Baseball (BAS COA) https://t.co/uCA2DKQp4t @eBay,0,ebay
67,ambigdeals,"Florida, USA",Check out what I found. Cooker Pressure Electric 7 Litre 1000 W Brushed Stainless Steel/Black https://t.co/sMx8ZlFVoF via @eBay_UK,0,ebay
68,sambawoman,"Lake Michigan shores, USA",RT @USClassicAutos: eBay: 1956 Lincoln Premiere 2 door Best of the Best !! Over $150k 3 year restoration !! Make‚Ä¶ https://t.co/FvmmF9yguJ #‚Ä¶,1,ebay
69,2ndressedtokill,,‚åÇ≈ë NY Collection Juniors Plus 2X New Blue Faux Wrap Sleeveless Full- Leng... Affordable https://t.co/G4mKdSn0aA https://t.co/Hx1iBNE6mR,0,ebay
70,belleshoppe333,Pacific Northwest - Oregon,RT @blueamberrain6: Check out Jones New York Womans Dress Suit NEW Sz 8 Stretch Work Wool Blend $300 Value https://t.co/w9450oKTLN @eBay,4,ebay
71,ukbusinessnet,UK,Why pay the monthly fees for a store on #ebay_uk when its all FREE on https://t.co/xSHCuf1Gpi!! Any store size - FR‚Ä¶ https://t.co/ShKdAis8Ym,0,ebay
72,UKbusinesspromo,UK,Why pay the monthly fees for a store on #ebay_uk when its all FREE on https://t.co/bvhVh1iA74!! Any store size - FR‚Ä¶ https://t.co/l77A5FiaHE,0,ebay
73,networking4uk,UK,Why pay the monthly fees for a store on #ebay_uk when its all FREE on https://t.co/Zhl2wUMd4f!! Any store size - FR‚Ä¶ https://t.co/TJL435hDOR,0,ebay
74,2ndressedtokill,,‚ôÆ‚àû WISHES WISHES WISHES JUNIORS 7 NEW CORAL BODY-CON STRAPLESS ABOVE KNEE... Check It Out https://t.co/l3Mh4AOiLJ https://t.co/vuV1U4sPWe,0,ebay
75,joebayy,,Check out Nike Dri-Fit Women's Crew Shorts Royal Blue With Black Control Top Size Small #Nike https://t.co/6xODP6f3DC via @eBay,0,ebay
76,SouthernEclect,"Myrtle Beach, SC",Check out Every Day with Rachael Ray Magazine August 2011  https://t.co/qOUBRkB5Pg via @eBay,0,ebay
77,TurtleTycoon,"New York, NY",Mutant Ninja Turtles TMNT Action Figures Collection Toys Set Gift 6pcs  on eBay: https://t.co/TjBJM8vPUL #tmnt‚Ä¶ https://t.co/RdHvdXvMtT,0,ebay
78,propriator,Good Ole US of A,RT @RedworldToys: PLEASE RT NEW LISTING FUNKO POP VINYL FIGURE - SERIES 1 - #BATMAN #THEJOKER NO. 44 MB #FUNKOPOP #FUNKO https://t.co/rWv5e‚Ä¶,3,ebay
79,wildlife_ranger,Yorkshire,#photography  #digitalcamera #canon #eos #canoneos #lens #camera #cameraspares #nikon #dslr #photographer  Canon‚Ä¶ https://t.co/jkaRAWJeEf,0,ebay
80,dejavugarbs,"Las Vegas, NV",‚ôÆ‚òæ Green Tea L New Gray Space-Dye Zip Back Hem Split Neck Short Sleeve Tu... Best Ever https://t.co/MWw0f9HaG1 https://t.co/qp3s7OARjO,0,ebay
81,Sun_Lord,London,Prextex Remote Control Monster Police Truck Radio Control Police Car Toys Boys https://t.co/dp1ZB82gLN @eBay,0,ebay
82,SpartyHawkCache,"Overland Park, KS",Check out Christian Colon (2B/SS) Miami Marlin - Autographed MLB Baseball (BAS COA) https://t.co/IImqbPnMiE @eBay,0,ebay
83,HarryDownes69,"Falkirk, Stirlingshire","RT @Quizman3: Golden Years of #Darlington. Local #History - Nostalgia, #Durham (*Hardback*)  https://t.co/CixT6AjAf4 via @eBay_UK",4,ebay
84,dejavugarbsplu3,,≈ë Green Tea Plus XXL New Pink Crushed Velvet Step Hemline Short Sleeve T... Be Inspired! https://t.co/0ifEGHeq9U https://t.co/gp07XKYGgy,0,ebay
85,pearwomper,New Jersey,Check out #Pennsylvania #Railroad West Jersey &amp; Seashore Railroad #TimeTable 63 June 1911 #Collectibles https://t.co/8ub9EYR83C via @eBay,0,ebay
86,EternityDesignD,"Gilbertsville, PA",RT @Seraphimslair: @IamMicaela_K @cottage_green @Cindy02051676 @RetVintage @EverRotating @ReynoldRetro @Replacements4U @ImperialCrochet @Et‚Ä¶,5,ebay
87,Adriana10118,,‚úæ New Women's The North Face Ladies Agave Coat Jacket Medium Shop &amp; Save https://t.co/1DI3kWxStb https://t.co/oZ2haK8Ps9,0,ebay
88,ENGLANDTOWN,New York City,I liked a @YouTube video https://t.co/qaWB9WVEaZ How to Sell on eBay | Beginners Tutorial Tips and Tricks 2017,0,ebay
89,SmartHomeParts,United States,Android 4.4 Mini 1080P DLP LED Projector 2.4/5G WiFi Bluetooth4.0 HD USB TF J6X4 https://t.co/hZDYXxsTJ4 https://t.co/eVYVibNw9h,0,ebay
90,BitcoinGatherer,Decentralized,Bitcoin on eBay: (2015 Denarium Gold Plated Brass Physical Bitcoin ...) - https://t.co/6xobR9dMgH #bitcoin #bAgile‚Ä¶ https://t.co/i0p2kZAXcY,0,ebay
91,The_Rusty_Nail1,"South Carolina, USA",RT @The_Rusty_Nail1: Look what I found on @eBay! https://t.co/W4RPRJUfTK via @eBay,24,ebay
92,joebayy,,Kendra Scott Mother Of Pearl Alexandra's SINGLE EARRING #KendraScott #Selling #Amazon #ForSale #Selling #Ebay  https://t.co/v0AQG61Oik,0,ebay
93,BennettStreet1,,Check out Who Moved My Cheese? : An Amazing Way to Deal with Change in Your Work and in Yo  https://t.co/4XNVY7239J via @eBay,0,ebay
94,SpartyHawkCache,"Overland Park, KS","Check out ""Trader"" Jack McKeon (MGR) Florida Marlins - Autographed MLB Baseball (BAS COA)  https://t.co/XXnKguppVN @eBay",0,ebay
95,dejavugarbsplu3,,‚ô¢‚ùû Green Tea M New Gray Space-Dye Zip Back Hem Split Neck Short Sleeve Tu... Act Soon! https://t.co/532FjYhZuP https://t.co/uOUhyz5crr,0,ebay
96,sandysgingham,Wild Wild West,2 Post Road Custom Hand Towels Decorated w New Ralph Lauren Fabric | eBay  https://t.co/FGGlpAmRYH,0,ebay
97,serowa,Georgia,Check out Rouge Foxy-02 Decorated Black Size 8 Calf Cowboy Boots #Rouge #Cowboy https://t.co/UPIbj6Lr8M via @eBay,0,ebay
98,NewDeals_C87,,PISEN OTG Adapter For Cell #Phone #Tablet #digital #market #deals #sales #today #iphone #tech #video #np‚Ä¶ https://t.co/pK1I4MAvAb,0,ebay
99,brandbazzar,"West Hartford, CT",[SALE] #Starbucks #coffee #mug 16 fl oz (473 ml) DO NOT MICROWAVE H https://t.co/XA5ZZpAeB9 visit our ebay store https://t.co/AGTTMYdtxC,0,ebay
100,BigFishFinds,North Carolina,RT @supergirlebay: #Gymboree #BabyGirl #Yellow #Strawberry #Flowers #Sleeveless #Dress #girlboss #babyclothes  Size 6 - 12 Months https://t‚Ä¶,1,ebay
101,CatBot13,America,RT @BidNowPetSupply: NEW American Flag Dog Collar - Large   MADE IN USA https://t.co/sDMHTO7Lqh #petsupplies #pet #dog #cat #ebay #ad,1,ebay
102,Yeuxfa_Xeotsu,"New York, USA",Zinc Alloy Metal Drawer Cabinet Cupboard Wardrobe Door Pull Handle Knobs https://t.co/AwSwGMwFks,0,ebay
103,BidNowPetSupply,America,NEW American Flag Dog Collar - Large   MADE IN USA https://t.co/sDMHTO7Lqh #petsupplies #pet #dog #cat #ebay #ad,1,ebay
104,1percentwatches,,#Blancpain Villeret Ultra Slim 18k Yellow Gold Open Skeleton Case Back  https://t.co/ofg2D9y9cp https://t.co/dbCORC4Yf8,0,ebay
105,Toms_Golf_Deals,"Illinois, USA",Look what I found on @eBay! https://t.co/9mpxP0RE7r via @eBay,0,ebay
106,richcash8,"Lake Tahoe, Nevada","Prince Alwaleed billionaire Clinton Foundation donor w AAPL, C, EBAY, FOXA, TWTR, called T ""disgrace not only to GOP but to all America""",0,ebay
107,Chromecastebay,United States,New Chromecast on Ebay Genuine Authentic Google Chromecast Media Streaming Device (H2G2-42) - Used‚Ä¶ https://t.co/SIapLslxTB,0,ebay
108,joebayy,,Nike Dri-Fit Women's Crew Shorts Royal Blue With Black Control Top Size Small #Nike https://t.co/6xODP6f3DC via @eBay,0,ebay
109,SpartyHawkCache,"Overland Park, KS","Check out Al ""The Mad Hungarian"" Hrabosky (P) StL Cards-Autographed MLB Baseball (BAS COA) https://t.co/sbhpIa7m0B @eBay",0,ebay
110,lappear_ebay,New Jersey,‚ô°‚àû Christmas Carolers Bell Siilver PLated? with Wooden Handle U25 https://t.co/8IswPOMTum https://t.co/Uxip64BQuP,0,ebay
111,ambigdeals,"Florida, USA",Check out what I found. Cooker Pressure Electric 6 Litre 1000 W Brushed Stainless Steel Black https://t.co/ejOSLCi2qq via @eBay_UK,0,ebay
112,1percentwatches,,#Omega Seamaster Professional 300m 2561.80.00 Wrist Watch for Men James https://t.co/aPcwJCV4ZR https://t.co/w7nZg6CVcO,0,ebay
113,dejavugarbsplu3,,‚ô†Œî Green Tea Plus XXL New Black Crushed Velvet Step Hemline Short Sleeve... Available 4U https://t.co/HZhiIw9olr https://t.co/eBtZTPK0JM,0,ebay
114,BlogForTheCause,Online!,Nike Air Max 97 Cobblestone Grey Suede White UK 10.5 11.5 US QS PRM https://t.co/BnDG4VU1LH,0,ebay
115,BigFishFinds,North Carolina,RT @supergirlebay: #CuriousGeorge Varsity #Socks #2Pack #ebay #forsale #girlboss #SetOf2 https://t.co/KzyYnJfdib @eBay,1,ebay
116,WatchesArt,,#FREE OVERNIGHT! TUDOR HERITAGE BLACK BAY RED WATCH LEATHER CANVAS STRA #LuxuryWatch https://t.co/tkSrHtAzsf https://t.co/bbrXOhy5fp,0,ebay
117,lappear_ebay,New Jersey,‚úØ‚ùÄ Danbury Mint Santa Claus Christmas Silver Rhodium Plated Bell 1978 w/Box https://t.co/z8fEakZJuS https://t.co/n6Iv19sIp1,0,ebay
118,holidayhqteam,,Florida Gators Plastic Chrome 3D Emblem Automotive Car Truck Vehicle NCAA https://t.co/gfibfa0Zy4,0,ebay
119,Negwenydonkey,Luxembourg,Check out what I found.  https://t.co/ja4GAqSOQB via @eBay_UK,0,ebay
120,WatchesArt,,#Frederique Constant Ladies Automatic Diamond Womens Watch Date FC-303W #LuxuryWatch https://t.co/zPkQSeffXT https://t.co/adcUcSSYsw,0,ebay
121,TSVAntiques,UK,"Check out what I found. #Vintage  #necklace &amp;amp; earrings set signed #jewelcraft, #costumejewellery https://t.co/rReW2RWayC via @eBay_UK",0,ebay
122,Sun_Lord,London,Check out Makewe 22 or 32 OZ Thermos Double-walled Vacuum Insulated Stainless Steel https://t.co/PQB4pWdKhw @eBay,0,ebay
123,ljowil628,Springfield MO,Check out Pedigree Men's 42 Nylon Jacket Vintage The Name That Skis The World USA Brown #Pedigree https://t.co/9zupYsHkWQ via @eBay,0,ebay
124,BlogForTheCause,Online!,Nike Air Max 90 Ultra 2.0 Flyknit Medium Olive Green String 875943 001 Size 8-13 https://t.co/0s96IJlVI6,0,ebay
125,BlogForTheCause,Online!,Nike  Kobe XI Elite Low Mens Sz 7.5 Bright Mango Grey 822675-078 Easter $200 https://t.co/grXw2zXqDA,0,ebay
126,WatchesArt,,#Beautiful Piaget Dancer 18K Yellow Gold Mother of Pearl &amp; Diamond (1.0 #LuxuryWatch https://t.co/iQmSzv7X23 https://t.co/slTPEYQgYh,0,ebay
127,WatchesArt,,#Blancpain Villeret Ultra Slim 18k Yellow Gold Open Skeleton Case Back  #LuxuryWatch https://t.co/rNCDYfrrWE https://t.co/yyUPe1yzph,0,ebay
128,2ndressedtokill,,‚ù§‚úæ Ann Taylor M Pink Silk Lined Ruffle V-Neckline Side Zip Short Sleeve T... Unbeatable! https://t.co/MpGijEtxOZ https://t.co/BIojgrccT0,0,ebay
129,BlogForTheCause,Online!,Nike Air Max 97 Cobblestone Grey Suede White UK 13 US 14 QS PRM https://t.co/9MxibdMusf,0,ebay
130,ShoesIsCrazy,US,Vans Breton Boot Black QE2A12 black over-the-ankle https://t.co/B4BBY1k0x4,0,ebay
131,BlogForTheCause,Online!,NEW Nike Air Jordan Retro 13 XIII Bred Black Red 414571 010 Mens Size 10  https://t.co/1L6HszAoCk,0,ebay
132,BlogForTheCause,Online!,"Nike Air Jordan Retro 1 High OG ""ROYAL BLUES"", Men's Size 10.5 https://t.co/UDjLsu6T4a",0,ebay
133,WatchesArt,,#18k YG. AND DIAMOND LADIES VINTAGE DRESS ROLEX WATCH #LuxuryWatch https://t.co/lgfmZQTP3h https://t.co/VaWMJL7i8s,0,ebay
134,ShoesIsCrazy,US,Brand New Air Jordan 3 Retro Prem HC Women's Athletic Sneakers [AA1243 020] https://t.co/FYVDncd0lH,0,ebay
135,BlogForTheCause,Online!,"Nike Tanjun SE 844908001 black halfshoes 6.0,6.5 https://t.co/ryvRFp0wfT",0,ebay
136,BlogForTheCause,Online!,Nike Air Jordan 2010 / US Size 9 /  BLK/DARK CHARCOAL-VRSTY RD 387358 001 / New https://t.co/0rsmRvl9Qw,0,ebay
137,joebayy,,Check out Nike Dri-Fit Women's Crew Shorts Royal Blue With Black Control Top Size Small #Nike https://t.co/6xODP6f3DC via #eBay,0,ebay
138,WatchesArt,,#Omega Seamaster Professional 300m 2561.80.00 Wrist Watch for Men James #LuxuryWatch https://t.co/grQrBGnxu6 https://t.co/J9ncidethZ,0,ebay
139,BlogForTheCause,Online!,Nike X KITH Air Pippen 1 - Black Pony Size 12 https://t.co/FzwDoDfr7e,0,ebay
140,BlogForTheCause,Online!,Nike Air Max 97 Cobblestone Grey Suede White UK 12 13 US QS PRM https://t.co/YDOqFBS9DX,0,ebay
141,2ndressedtokill,,‚ô†‚ôØ Nine West M/8 Brown Silk Artsy Floral Print Beaded V-Neckline Short Sl... Crazy Prices https://t.co/EPUPlBdUmv https://t.co/aC2AnNTXns,0,ebay
142,SpartyHawkCache,"Overland Park, KS",Check out Amos Otis (CF) Kansas City Royals - Autographed MLB Baseball (BAS COA) https://t.co/jlJwucj979 @eBay,0,ebay
143,hammersmith78,,RT @collectstones: Rolling Stones /    Lp  2a / 3a https://t.co/3wHs9tLjYo https://t.co/21Czsij2qG,3,ebay
144,BlogForTheCause,Online!,NEW DS Nike Air Jordan 1 Retro Hare 2009 Size 11.5 Mens 374454 011 https://t.co/XX0inoh935,0,ebay
145,SouthernEclect,"Myrtle Beach, SC",Check out Healthy Cooking by Taste of Home June / July 2011  https://t.co/y6D2eeAHU8 via @eBay,0,ebay
146,BlogForTheCause,Online!,NIB Men's Nike Air VaporMax FlyKnit Pure Platinum / Wolf Grey 849558-004 https://t.co/HknY2hCsWW,0,ebay
147,dejavugarbsplu3,,‚ô°‚ùÉ Green Tea Plus XXL New  Blue Crushed Velvet Step Hemline Short Sleeve... Act now https://t.co/rUuum9gOXf https://t.co/n0dAyqwby9,0,ebay
148,ShoesIsCrazy,US,Brooks Running Men's Addiction 13 Shoe https://t.co/iBHOXYllfg,0,ebay
149,BlogForTheCause,Online!,Foamposite Volt lime  size 13 https://t.co/em1JX4sesc,0,ebay
150,Brand_Clothes,USA,‚óî‚Ä¢ NIB ALAIA BLACK SUEDE STUDDED ROUND TOE SCULPTURED HIGH HEEL PUMPS 36.... Classic https://t.co/2a5mlRywOr https://t.co/0F0UZVa3f5,0,ebay
151,Patrici24365075,"Chester, England",#BarnsleyHour üôÑ Dragon Head Knife Hand Spinner Darts Stress Reducer EDC Fidget Finger Toy Cool ü§î‚Ä¶ https://t.co/2HMQxchF4p,0,ebay
152,BlogForTheCause,Online!,Nike Air Max 95 Running Walking Black Binary Blue Royal Grey Sz 13 749766-023  https://t.co/Q8Hu9aAmaK,0,ebay
153,dejavugarbs,"Las Vegas, NV",‚úî‚ôÆ GREEN TEA XXL NEW TEAL SPACE-DYE ZIPPER DETAIL HI-LO HEM SHORT SLEEVE... Best Ever https://t.co/HsdQuri7gw https://t.co/4vZaJBezce,0,ebay
154,joebayy,,Check out Nike Dri-Fit Women's Crew Shorts Royal Blue With Black Control Top Small #Nike https://t.co/6xODP6f3DC via @eBay,0,ebay
155,dejavugarbsplu3,,‚òº‚ôÆ GREEN TEA XL NEW WHITE BUTTERFLY PATTERN STUDS ROUND NECK SHORT SLEEVE... Act now https://t.co/I4mDZRmlm5 https://t.co/NqpYnT6obL,0,ebay
156,Malibulove919,Malibu,Check out Lululemon gorgeous hot pink zip pullover size 6 #Lululemon #ZipPullover https://t.co/y7FiZg8e2O via @eBay,0,ebay
157,belleshoppe333,Pacific Northwest - Oregon,RT @blueamberrain6: Check out Milton Toddler 12 Month Airborne Jumpsuit Green Military Outfit Dressup  https://t.co/0AkU0xTzFD @eBay,6,ebay
158,PeriodComics,,Amazing Adventures # 6 - Ditko art &amp; Kirby monster cover VG Cond. https://t.co/h0bH4FvikL https://t.co/8hECoL3noS,0,ebay
159,Bokanume,,Check out AIR JORDAN 2 RETRO NIGHTSHADE II SZ SIZE 14 385475-303 just don off white 1 blue #Jordan https://t.co/KGEMbphyhe via @eBay,0,ebay
160,CallaghanDamien,Canberra Australia,Check out Patrick Patty Mills Hand Signed San Antonio Spurs NBA Jersey https://t.co/m06r8TRKAe @eBay @NBAcom @NBA_AU,0,ebay
161,joebayy,,Check out Nike Dri-Fit Women's Crew Shorts Royal Blue With Black Control Top Size Small #Nike https://t.co/6xODP6f3DC,0,ebay
162,SpartyHawkCache,"Overland Park, KS",Check out John Mayberry (1B) Kansas City Royals - Autographed MLB Baseball (BAS COA) https://t.co/uCA2DKQp4t @eBay,0,ebay
163,ambigdeals,"Florida, USA",Check out what I found. Cooker Pressure Electric 7 Litre 1000 W Brushed Stainless Steel/Black https://t.co/sMx8ZlFVoF via @eBay_UK,0,ebay
164,sambawoman,"Lake Michigan shores, USA",RT @USClassicAutos: eBay: 1956 Lincoln Premiere 2 door Best of the Best !! Over $150k 3 year restoration !! Make‚Ä¶ https://t.co/FvmmF9yguJ #‚Ä¶,1,ebay
165,2ndressedtokill,,‚åÇ≈ë NY Collection Juniors Plus 2X New Blue Faux Wrap Sleeveless Full- Leng... Affordable https://t.co/G4mKdSn0aA https://t.co/Hx1iBNE6mR,0,ebay
166,belleshoppe333,Pacific Northwest - Oregon,RT @blueamberrain6: Check out Jones New York Womans Dress Suit NEW Sz 8 Stretch Work Wool Blend $300 Value https://t.co/w9450oKTLN @eBay,4,ebay
167,ukbusinessnet,UK,Why pay the monthly fees for a store on #ebay_uk when its all FREE on https://t.co/xSHCuf1Gpi!! Any store size - FR‚Ä¶ https://t.co/ShKdAis8Ym,0,ebay
168,UKbusinesspromo,UK,Why pay the monthly fees for a store on #ebay_uk when its all FREE on https://t.co/bvhVh1iA74!! Any store size - FR‚Ä¶ https://t.co/l77A5FiaHE,0,ebay
169,networking4uk,UK,Why pay the monthly fees for a store on #ebay_uk when its all FREE on https://t.co/Zhl2wUMd4f!! Any store size - FR‚Ä¶ https://t.co/TJL435hDOR,0,ebay
170,2ndressedtokill,,‚ôÆ‚àû WISHES WISHES WISHES JUNIORS 7 NEW CORAL BODY-CON STRAPLESS ABOVE KNEE... Check It Out https://t.co/l3Mh4AOiLJ https://t.co/vuV1U4sPWe,0,ebay
171,joebayy,,Check out Nike Dri-Fit Women's Crew Shorts Royal Blue With Black Control Top Size Small #Nike https://t.co/6xODP6f3DC via @eBay,0,ebay
172,SouthernEclect,"Myrtle Beach, SC",Check out Every Day with Rachael Ray Magazine August 2011  https://t.co/qOUBRkB5Pg via @eBay,0,ebay
173,TurtleTycoon,"New York, NY",Mutant Ninja Turtles TMNT Action Figures Collection Toys Set Gift 6pcs  on eBay: https://t.co/TjBJM8vPUL #tmnt‚Ä¶ https://t.co/RdHvdXvMtT,0,ebay
174,propriator,Good Ole US of A,RT @RedworldToys: PLEASE RT NEW LISTING FUNKO POP VINYL FIGURE - SERIES 1 - #BATMAN #THEJOKER NO. 44 MB #FUNKOPOP #FUNKO https://t.co/rWv5e‚Ä¶,3,ebay
175,wildlife_ranger,Yorkshire,#photography  #digitalcamera #canon #eos #canoneos #lens #camera #cameraspares #nikon #dslr #photographer  Canon‚Ä¶ https://t.co/jkaRAWJeEf,0,ebay
176,dejavugarbs,"Las Vegas, NV",‚ôÆ‚òæ Green Tea L New Gray Space-Dye Zip Back Hem Split Neck Short Sleeve Tu... Best Ever https://t.co/MWw0f9HaG1 https://t.co/qp3s7OARjO,0,ebay
177,Sun_Lord,London,Prextex Remote Control Monster Police Truck Radio Control Police Car Toys Boys https://t.co/dp1ZB82gLN @eBay,0,ebay
178,SpartyHawkCache,"Overland Park, KS",Check out Christian Colon (2B/SS) Miami Marlin - Autographed MLB Baseball (BAS COA) https://t.co/IImqbPnMiE @eBay,0,ebay
179,HarryDownes69,"Falkirk, Stirlingshire","RT @Quizman3: Golden Years of #Darlington. Local #History - Nostalgia, #Durham (*Hardback*)  https://t.co/CixT6AjAf4 via @eBay_UK",4,ebay
180,dejavugarbsplu3,,≈ë Green Tea Plus XXL New Pink Crushed Velvet Step Hemline Short Sleeve T... Be Inspired! https://t.co/0ifEGHeq9U https://t.co/gp07XKYGgy,0,ebay
181,pearwomper,New Jersey,Check out #Pennsylvania #Railroad West Jersey &amp; Seashore Railroad #TimeTable 63 June 1911 #Collectibles https://t.co/8ub9EYR83C via @eBay,0,ebay
182,EternityDesignD,"Gilbertsville, PA",RT @Seraphimslair: @IamMicaela_K @cottage_green @Cindy02051676 @RetVintage @EverRotating @ReynoldRetro @Replacements4U @ImperialCrochet @Et‚Ä¶,5,ebay
183,Adriana10118,,‚úæ New Women's The North Face Ladies Agave Coat Jacket Medium Shop &amp; Save https://t.co/1DI3kWxStb https://t.co/oZ2haK8Ps9,0,ebay
184,ENGLANDTOWN,New York City,I liked a @YouTube video https://t.co/qaWB9WVEaZ How to Sell on eBay | Beginners Tutorial Tips and Tricks 2017,0,ebay
185,SmartHomeParts,United States,Android 4.4 Mini 1080P DLP LED Projector 2.4/5G WiFi Bluetooth4.0 HD USB TF J6X4 https://t.co/hZDYXxsTJ4 https://t.co/eVYVibNw9h,0,ebay
186,BitcoinGatherer,Decentralized,Bitcoin on eBay: (2015 Denarium Gold Plated Brass Physical Bitcoin ...) - https://t.co/6xobR9dMgH #bitcoin #bAgile‚Ä¶ https://t.co/i0p2kZAXcY,0,ebay
187,The_Rusty_Nail1,"South Carolina, USA",RT @The_Rusty_Nail1: Look what I found on @eBay! https://t.co/W4RPRJUfTK via @eBay,24,ebay
188,joebayy,,Kendra Scott Mother Of Pearl Alexandra's SINGLE EARRING #KendraScott #Selling #Amazon #ForSale #Selling #Ebay  https://t.co/v0AQG61Oik,0,ebay
189,BennettStreet1,,Check out Who Moved My Cheese? : An Amazing Way to Deal with Change in Your Work and in Yo  https://t.co/4XNVY7239J via @eBay,0,ebay
190,SpartyHawkCache,"Overland Park, KS","Check out ""Trader"" Jack McKeon (MGR) Florida Marlins - Autographed MLB Baseball (BAS COA)  https://t.co/XXnKguppVN @eBay",0,ebay
191,dejavugarbsplu3,,‚ô¢‚ùû Green Tea M New Gray Space-Dye Zip Back Hem Split Neck Short Sleeve Tu... Act Soon! https://t.co/532FjYhZuP https://t.co/uOUhyz5crr,0,ebay
